repository,project,branch,lang,build,jobid,status,log_status,started,commit,commiturl,buildurl,team_size,is_trusted_member,is_pull_request,merged_with,num_pr_comments,num_issue_comments,num_commit_comments,log_num_tests_failed,patchurl
"{:name=>""apache/tajo"", :branch=>""master""}",apache/tajo,master,java,127981674,127981683,failed,broken,2016-05-05T05:43:11,0a2535e677e192574221aa0547b4cbc1027a7c8b,https://api.github.com/repos/apache/tajo/git/commits/0a2535e677e192574221aa0547b4cbc1027a7c8b,https://api.travis-ci.org/jobs/127981683/log.txt,6,false,unknown,0,https://api.github.com/repos/apache/tajo/compare/master...0a2535e677e192574221aa0547b4cbc1027a7c8b
"{:name=>""apache/tajo"", :branch=>""master""}",apache/tajo,master,java,131013021,131013029,passed,ok,2016-05-18T01:24:46,3de37746113d6534963396616485d5cc5ff50501,https://api.github.com/repos/apache/tajo/git/commits/3de37746113d6534963396616485d5cc5ff50501,https://api.travis-ci.org/jobs/131013029/log.txt,9,false,unknown,0,https://api.github.com/repos/apache/tajo/compare/0a2535e677e192574221aa0547b4cbc1027a7c8b...3de37746113d6534963396616485d5cc5ff50501
"{:name=>""google/auto"", :branch=>""master""}",google/auto,master,java,30315595,30315596,failed,broken,2014-07-18T23:26:05,2c82b8b251edaea68d3060d6f7fd56dcfa4a5e94,https://api.github.com/repos/google/auto/git/commits/2c82b8b251edaea68d3060d6f7fd56dcfa4a5e94,https://api.travis-ci.org/jobs/30315596/log.txt,6,true,commits_in_master,0,https://api.github.com/repos/google/auto/compare/master...2c82b8b251edaea68d3060d6f7fd56dcfa4a5e94
"{:name=>""google/auto"", :branch=>""master""}",google/auto,master,java,13019017,13019018,failed,broken,2013-10-25T02:32:45,11bcc333943657ba196d3820555c276ccbc4ff7a,https://api.github.com/repos/google/auto/git/commits/11bcc333943657ba196d3820555c276ccbc4ff7a,https://api.travis-ci.org/jobs/13019018/log.txt,7,true,false,unknown,0,https://api.github.com/repos/google/auto/compare/2c82b8b251edaea68d3060d6f7fd56dcfa4a5e94...11bcc333943657ba196d3820555c276ccbc4ff7a
"{:name=>""google/auto"", :branch=>""master""}",google/auto,master,java,13058159,13058160,passed,ok,2013-10-25T20:10:47,7e78274d82d2087c892af1c0ac8d5bfc6f27a99e,https://api.github.com/repos/google/auto/git/commits/7e78274d82d2087c892af1c0ac8d5bfc6f27a99e,https://api.travis-ci.org/jobs/13058160/log.txt,7,true,false,unknown,0,https://api.github.com/repos/google/auto/compare/11bcc333943657ba196d3820555c276ccbc4ff7a...7e78274d82d2087c892af1c0ac8d5bfc6f27a99e
"{:name=>""apache/drill"", :branch=>""master""}",apache/drill,master,java,56918205,56918206,errored,unknown,2015-04-02T17:39:11,168fa904be6742f482266816c2b636f985185e54,https://api.github.com/repos/apache/drill/git/commits/168fa904be6742f482266816c2b636f985185e54,https://api.travis-ci.org/jobs/56918206/log.txt,24,false,0,https://api.github.com/repos/apache/drill/compare/master...168fa904be6742f482266816c2b636f985185e54
"{:name=>""apache/drill"", :branch=>""master""}",apache/drill,master,java,58314520,58314521,errored,unknown,2015-04-13T18:22:38,49042bca078aacb24a8d0dddb451363be8e764da,https://api.github.com/repos/apache/drill/git/commits/49042bca078aacb24a8d0dddb451363be8e764da,https://api.travis-ci.org/jobs/58314521/log.txt,22,true,false,0,https://api.github.com/repos/apache/drill/compare/168fa904be6742f482266816c2b636f985185e54...49042bca078aacb24a8d0dddb451363be8e764da
"{:name=>""apache/drill"", :branch=>""master""}",apache/drill,master,java,58339499,58339500,errored,unknown,2015-04-13T21:34:26,ba12f3d808dc310a9260b5971144b4350fe64ac9,https://api.github.com/repos/apache/drill/git/commits/ba12f3d808dc310a9260b5971144b4350fe64ac9,https://api.travis-ci.org/jobs/58339500/log.txt,22,false,0,https://api.github.com/repos/apache/drill/compare/49042bca078aacb24a8d0dddb451363be8e764da...ba12f3d808dc310a9260b5971144b4350fe64ac9
"{:name=>""apache/drill"", :branch=>""master""}",apache/drill,master,java,58619528,58619530,errored,unknown,2015-04-15T16:03:07,314e5a2a8f476f059153fde1b7e7da7d882db94e,https://api.github.com/repos/apache/drill/git/commits/314e5a2a8f476f059153fde1b7e7da7d882db94e,https://api.travis-ci.org/jobs/58619530/log.txt,22,false,0,https://api.github.com/repos/apache/drill/compare/ba12f3d808dc310a9260b5971144b4350fe64ac9...314e5a2a8f476f059153fde1b7e7da7d882db94e
"{:name=>""apache/drill"", :branch=>""master""}",apache/drill,master,java,39400177,39400178,errored,unknown,2014-10-29T17:07:50,2871c3ba515e06cd4bae98742139a99e12e42407,https://api.github.com/repos/apache/drill/git/commits/2871c3ba515e06cd4bae98742139a99e12e42407,https://api.travis-ci.org/jobs/39400178/log.txt,4,false,0,https://api.github.com/repos/apache/drill/compare/314e5a2a8f476f059153fde1b7e7da7d882db94e...2871c3ba515e06cd4bae98742139a99e12e42407
"{:name=>""apache/drill"", :branch=>""master""}",apache/drill,master,java,140135245,140135246,passed,ok,2016-06-24T23:00:47,1c9e92b0cec18b4ee5a005fd6006ad329e3fa568,https://api.github.com/repos/apache/drill/git/commits/1c9e92b0cec18b4ee5a005fd6006ad329e3fa568,https://api.travis-ci.org/jobs/140135246/log.txt,19,false,unknown,0,https://api.github.com/repos/apache/drill/compare/2871c3ba515e06cd4bae98742139a99e12e42407...1c9e92b0cec18b4ee5a005fd6006ad329e3fa568
"{:name=>""apache/sling"", :branch=>""trunk""}",apache/sling,trunk,java,126593201,126593206,errored,broken,2016-04-29T08:28:23,591fc196d0ac59bad91545824b206ff7f43d8209,https://api.github.com/repos/apache/sling/git/commits/591fc196d0ac59bad91545824b206ff7f43d8209,https://api.travis-ci.org/jobs/126593206/log.txt,8,false,unknown,0,https://api.github.com/repos/apache/sling/compare/trunk...591fc196d0ac59bad91545824b206ff7f43d8209
"{:name=>""apache/sling"", :branch=>""trunk""}",apache/sling,trunk,java,126630504,126630506,failed,broken,2016-04-29T11:38:20,83a971029e6e4223f6f3b22e4705f52e623e0aab,https://api.github.com/repos/apache/sling/git/commits/83a971029e6e4223f6f3b22e4705f52e623e0aab,https://api.travis-ci.org/jobs/126630506/log.txt,8,false,unknown,0,https://api.github.com/repos/apache/sling/compare/591fc196d0ac59bad91545824b206ff7f43d8209...83a971029e6e4223f6f3b22e4705f52e623e0aab
"{:name=>""apache/sling"", :branch=>""trunk""}",apache/sling,trunk,java,126668245,126668247,errored,broken,2016-04-29T14:25:04,5e47ad94eba2f58106bb2943d15fe6da9d1d4ab1,https://api.github.com/repos/apache/sling/git/commits/5e47ad94eba2f58106bb2943d15fe6da9d1d4ab1,https://api.travis-ci.org/jobs/126668247/log.txt,8,false,unknown,0,https://api.github.com/repos/apache/sling/compare/83a971029e6e4223f6f3b22e4705f52e623e0aab...5e47ad94eba2f58106bb2943d15fe6da9d1d4ab1
"{:name=>""apache/sling"", :branch=>""trunk""}",apache/sling,trunk,java,103566384,103566386,errored,broken,2016-01-20T10:08:07,792ab4d15e084dc1ff62f40c418b327a0622cf7a,https://api.github.com/repos/apache/sling/git/commits/792ab4d15e084dc1ff62f40c418b327a0622cf7a,https://api.travis-ci.org/jobs/103566386/log.txt,9,true,false,unknown,0,https://api.github.com/repos/apache/sling/compare/5e47ad94eba2f58106bb2943d15fe6da9d1d4ab1...792ab4d15e084dc1ff62f40c418b327a0622cf7a
"{:name=>""apache/sling"", :branch=>""trunk""}",apache/sling,trunk,java,103908243,103908245,errored,broken,2016-01-21T20:43:43,4ed3b82885bde2b0356ea91b68cb3f0978428931,https://api.github.com/repos/apache/sling/git/commits/4ed3b82885bde2b0356ea91b68cb3f0978428931,https://api.travis-ci.org/jobs/103908245/log.txt,9,true,false,unknown,0,https://api.github.com/repos/apache/sling/compare/792ab4d15e084dc1ff62f40c418b327a0622cf7a...4ed3b82885bde2b0356ea91b68cb3f0978428931
"{:name=>""apache/sling"", :branch=>""trunk""}",apache/sling,trunk,java,106188599,106188604,failed,broken,2016-02-01T11:21:55,82ffa5f749bdf0ab688572913e690769950302f1,https://api.github.com/repos/apache/sling/git/commits/82ffa5f749bdf0ab688572913e690769950302f1,https://api.travis-ci.org/jobs/106188604/log.txt,9,false,unknown,0,https://api.github.com/repos/apache/sling/compare/4ed3b82885bde2b0356ea91b68cb3f0978428931...82ffa5f749bdf0ab688572913e690769950302f1
"{:name=>""apache/sling"", :branch=>""trunk""}",apache/sling,trunk,java,106565542,106565544,failed,broken,2016-02-02T21:00:00,5b04690fe4b430821743add230fdd9d29445c48e,https://api.github.com/repos/apache/sling/git/commits/5b04690fe4b430821743add230fdd9d29445c48e,https://api.travis-ci.org/jobs/106565544/log.txt,9,false,unknown,0,https://api.github.com/repos/apache/sling/compare/82ffa5f749bdf0ab688572913e690769950302f1...5b04690fe4b430821743add230fdd9d29445c48e
"{:name=>""apache/sling"", :branch=>""trunk""}",apache/sling,trunk,java,107411464,107411466,failed,broken,2016-02-06T08:29:24,eb8cb92f909be2ac30cc7337f0ce157f519a44eb,https://api.github.com/repos/apache/sling/git/commits/eb8cb92f909be2ac30cc7337f0ce157f519a44eb,https://api.travis-ci.org/jobs/107411466/log.txt,9,true,false,unknown,0,https://api.github.com/repos/apache/sling/compare/5b04690fe4b430821743add230fdd9d29445c48e...eb8cb92f909be2ac30cc7337f0ce157f519a44eb
"{:name=>""apache/sling"", :branch=>""trunk""}",apache/sling,trunk,java,137517904,137517906,errored,broken,2016-06-14T13:57:48,dcf9c69d8a0bf7ea9564950d3c704c2233d32956,https://api.github.com/repos/apache/sling/git/commits/dcf9c69d8a0bf7ea9564950d3c704c2233d32956,https://api.travis-ci.org/jobs/137517906/log.txt,8,false,unknown,0,https://api.github.com/repos/apache/sling/compare/eb8cb92f909be2ac30cc7337f0ce157f519a44eb...dcf9c69d8a0bf7ea9564950d3c704c2233d32956
"{:name=>""apache/sling"", :branch=>""trunk""}",apache/sling,trunk,java,110071717,110071719,failed,broken,2016-02-18T08:50:44,7fffb41a9a24f6b9b7c92f3285e9de36c6914878,https://api.github.com/repos/apache/sling/git/commits/7fffb41a9a24f6b9b7c92f3285e9de36c6914878,https://api.travis-ci.org/jobs/110071719/log.txt,9,true,false,unknown,0,https://api.github.com/repos/apache/sling/compare/dcf9c69d8a0bf7ea9564950d3c704c2233d32956...7fffb41a9a24f6b9b7c92f3285e9de36c6914878
"{:name=>""apache/sling"", :branch=>""trunk""}",apache/sling,trunk,java,139219568,139219570,errored,broken,2016-06-21T14:43:16,60a4a87f8f86d0f8498e8e3da38bd2225e2254f7,https://api.github.com/repos/apache/sling/git/commits/60a4a87f8f86d0f8498e8e3da38bd2225e2254f7,https://api.travis-ci.org/jobs/139219570/log.txt,8,false,unknown,0,https://api.github.com/repos/apache/sling/compare/7fffb41a9a24f6b9b7c92f3285e9de36c6914878...60a4a87f8f86d0f8498e8e3da38bd2225e2254f7
"{:name=>""apache/sling"", :branch=>""trunk""}",apache/sling,trunk,java,110655275,110655277,failed,broken,2016-02-20T21:12:42,696ef0d139d9fba780849f4a94b664cc56752d3e,https://api.github.com/repos/apache/sling/git/commits/696ef0d139d9fba780849f4a94b664cc56752d3e,https://api.travis-ci.org/jobs/110655277/log.txt,9,true,false,unknown,0,https://api.github.com/repos/apache/sling/compare/60a4a87f8f86d0f8498e8e3da38bd2225e2254f7...696ef0d139d9fba780849f4a94b664cc56752d3e
"{:name=>""apache/sling"", :branch=>""trunk""}",apache/sling,trunk,java,111241209,111241213,failed,broken,2016-02-23T18:26:31,599fccf9ff564272be7b52f61ad42061f36e2ff5,https://api.github.com/repos/apache/sling/git/commits/599fccf9ff564272be7b52f61ad42061f36e2ff5,https://api.travis-ci.org/jobs/111241213/log.txt,9,false,unknown,0,https://api.github.com/repos/apache/sling/compare/696ef0d139d9fba780849f4a94b664cc56752d3e...599fccf9ff564272be7b52f61ad42061f36e2ff5
"{:name=>""apache/sling"", :branch=>""trunk""}",apache/sling,trunk,java,140457340,140457342,failed,broken,2016-06-27T05:57:33,8f09027e33ecca8c67c66584d71283f18db40547,https://api.github.com/repos/apache/sling/git/commits/8f09027e33ecca8c67c66584d71283f18db40547,https://api.travis-ci.org/jobs/140457342/log.txt,8,false,unknown,0,https://api.github.com/repos/apache/sling/compare/599fccf9ff564272be7b52f61ad42061f36e2ff5...8f09027e33ecca8c67c66584d71283f18db40547
"{:name=>""apache/sling"", :branch=>""trunk""}",apache/sling,trunk,java,142701573,142701575,failed,broken,2016-07-06T09:18:41,098d15f2953b917f45f0c93d815c96e3891f7d31,https://api.github.com/repos/apache/sling/git/commits/098d15f2953b917f45f0c93d815c96e3891f7d31,https://api.travis-ci.org/jobs/142701575/log.txt,7,false,unknown,0,https://api.github.com/repos/apache/sling/compare/8f09027e33ecca8c67c66584d71283f18db40547...098d15f2953b917f45f0c93d815c96e3891f7d31
"{:name=>""apache/sling"", :branch=>""trunk""}",apache/sling,trunk,java,113628386,113628388,failed,broken,2016-03-04T10:53:10,d48c496e5e82cc9d2732a22b0fa11fdd20c33761,https://api.github.com/repos/apache/sling/git/commits/d48c496e5e82cc9d2732a22b0fa11fdd20c33761,https://api.travis-ci.org/jobs/113628388/log.txt,9,false,unknown,0,https://api.github.com/repos/apache/sling/compare/098d15f2953b917f45f0c93d815c96e3891f7d31...d48c496e5e82cc9d2732a22b0fa11fdd20c33761
"{:name=>""apache/sling"", :branch=>""trunk""}",apache/sling,trunk,java,142865772,142865773,failed,broken,2016-07-06T20:12:37,b220fa4b11668c815a002cc0dc656ac15d773523,https://api.github.com/repos/apache/sling/git/commits/b220fa4b11668c815a002cc0dc656ac15d773523,https://api.travis-ci.org/jobs/142865773/log.txt,7,false,unknown,0,https://api.github.com/repos/apache/sling/compare/d48c496e5e82cc9d2732a22b0fa11fdd20c33761...b220fa4b11668c815a002cc0dc656ac15d773523
"{:name=>""apache/sling"", :branch=>""trunk""}",apache/sling,trunk,java,114234426,114234428,errored,broken,2016-03-07T13:07:51,9dc28abc26dc080795ebf4b9c8cf5f9b5f999276,https://api.github.com/repos/apache/sling/git/commits/9dc28abc26dc080795ebf4b9c8cf5f9b5f999276,https://api.travis-ci.org/jobs/114234428/log.txt,9,false,unknown,0,https://api.github.com/repos/apache/sling/compare/b220fa4b11668c815a002cc0dc656ac15d773523...9dc28abc26dc080795ebf4b9c8cf5f9b5f999276
"{:name=>""apache/sling"", :branch=>""trunk""}",apache/sling,trunk,java,114237433,114237435,errored,broken,2016-03-07T13:24:44,e13df2f58ab5f5891ebd213c269141ab4136b3a0,https://api.github.com/repos/apache/sling/git/commits/e13df2f58ab5f5891ebd213c269141ab4136b3a0,https://api.travis-ci.org/jobs/114237435/log.txt,9,false,unknown,0,https://api.github.com/repos/apache/sling/compare/9dc28abc26dc080795ebf4b9c8cf5f9b5f999276...e13df2f58ab5f5891ebd213c269141ab4136b3a0
"{:name=>""apache/sling"", :branch=>""trunk""}",apache/sling,trunk,java,144124556,144124558,failed,broken,2016-07-12T10:36:17,7036b93d0f9cdb655ed4495ff7c1f3f4401a4f65,https://api.github.com/repos/apache/sling/git/commits/7036b93d0f9cdb655ed4495ff7c1f3f4401a4f65,https://api.travis-ci.org/jobs/144124558/log.txt,7,true,false,unknown,0,https://api.github.com/repos/apache/sling/compare/e13df2f58ab5f5891ebd213c269141ab4136b3a0...7036b93d0f9cdb655ed4495ff7c1f3f4401a4f65
"{:name=>""apache/sling"", :branch=>""trunk""}",apache/sling,trunk,java,144490738,144490741,failed,broken,2016-07-13T15:38:37,8f47a665f1be1ae4f12e71f04ef30d47192e1562,https://api.github.com/repos/apache/sling/git/commits/8f47a665f1be1ae4f12e71f04ef30d47192e1562,https://api.travis-ci.org/jobs/144490741/log.txt,7,true,false,unknown,0,https://api.github.com/repos/apache/sling/compare/7036b93d0f9cdb655ed4495ff7c1f3f4401a4f65...8f47a665f1be1ae4f12e71f04ef30d47192e1562
"{:name=>""apache/sling"", :branch=>""trunk""}",apache/sling,trunk,java,145749171,145749172,failed,broken,2016-07-19T07:22:17,0d7e0107a76408556df2b4e7168099ee927a5106,https://api.github.com/repos/apache/sling/git/commits/0d7e0107a76408556df2b4e7168099ee927a5106,https://api.travis-ci.org/jobs/145749172/log.txt,7,false,unknown,0,https://api.github.com/repos/apache/sling/compare/8f47a665f1be1ae4f12e71f04ef30d47192e1562...0d7e0107a76408556df2b4e7168099ee927a5106
"{:name=>""apache/sling"", :branch=>""trunk""}",apache/sling,trunk,java,145749171,145749173,failed,broken,2016-07-19T07:22:17,0d7e0107a76408556df2b4e7168099ee927a5106,https://api.github.com/repos/apache/sling/git/commits/0d7e0107a76408556df2b4e7168099ee927a5106,https://api.travis-ci.org/jobs/145749173/log.txt,7,false,unknown,0,https://api.github.com/repos/apache/sling/compare/0d7e0107a76408556df2b4e7168099ee927a5106...0d7e0107a76408556df2b4e7168099ee927a5106
"{:name=>""apache/sling"", :branch=>""trunk""}",apache/sling,trunk,java,116062045,116062047,failed,broken,2016-03-15T07:55:32,0c003309ea0e80fbc69e3697f368885c9d13b941,https://api.github.com/repos/apache/sling/git/commits/0c003309ea0e80fbc69e3697f368885c9d13b941,https://api.travis-ci.org/jobs/116062047/log.txt,9,false,unknown,0,https://api.github.com/repos/apache/sling/compare/0d7e0107a76408556df2b4e7168099ee927a5106...0c003309ea0e80fbc69e3697f368885c9d13b941
"{:name=>""apache/sling"", :branch=>""trunk""}",apache/sling,trunk,java,116153127,116153129,failed,broken,2016-03-15T15:44:49,4d54e6f91442250955f8ea357cecd7945553f5dc,https://api.github.com/repos/apache/sling/git/commits/4d54e6f91442250955f8ea357cecd7945553f5dc,https://api.travis-ci.org/jobs/116153129/log.txt,9,false,unknown,0,https://api.github.com/repos/apache/sling/compare/0c003309ea0e80fbc69e3697f368885c9d13b941...4d54e6f91442250955f8ea357cecd7945553f5dc
"{:name=>""apache/sling"", :branch=>""trunk""}",apache/sling,trunk,java,146372100,146372102,failed,broken,2016-07-21T13:02:59,c4cf427064d4bd5d06926e144b0b65636fe600ef,https://api.github.com/repos/apache/sling/git/commits/c4cf427064d4bd5d06926e144b0b65636fe600ef,https://api.travis-ci.org/jobs/146372102/log.txt,7,false,unknown,0,https://api.github.com/repos/apache/sling/compare/4d54e6f91442250955f8ea357cecd7945553f5dc...c4cf427064d4bd5d06926e144b0b65636fe600ef
"{:name=>""apache/sling"", :branch=>""trunk""}",apache/sling,trunk,java,146974676,146974678,failed,broken,2016-07-24T11:01:27,4388ff88708f60a8013fc407115007fec4e14c8d,https://api.github.com/repos/apache/sling/git/commits/4388ff88708f60a8013fc407115007fec4e14c8d,https://api.travis-ci.org/jobs/146974678/log.txt,7,false,unknown,0,https://api.github.com/repos/apache/sling/compare/c4cf427064d4bd5d06926e144b0b65636fe600ef...4388ff88708f60a8013fc407115007fec4e14c8d
"{:name=>""apache/sling"", :branch=>""trunk""}",apache/sling,trunk,java,147990002,147990004,errored,ok,2016-07-28T09:50:01,8ad026b2c80d70eb57d91351601a4bac9aa63045,https://api.github.com/repos/apache/sling/git/commits/8ad026b2c80d70eb57d91351601a4bac9aa63045,https://api.travis-ci.org/jobs/147990004/log.txt,7,false,unknown,0,https://api.github.com/repos/apache/sling/compare/4388ff88708f60a8013fc407115007fec4e14c8d...8ad026b2c80d70eb57d91351601a4bac9aa63045
"{:name=>""apache/sling"", :branch=>""trunk""}",apache/sling,trunk,java,148015587,148015588,failed,broken,2016-07-28T12:04:47,45a865ff2b35f020edff3eaa787b3a92919c2597,https://api.github.com/repos/apache/sling/git/commits/45a865ff2b35f020edff3eaa787b3a92919c2597,https://api.travis-ci.org/jobs/148015588/log.txt,7,false,unknown,0,https://api.github.com/repos/apache/sling/compare/8ad026b2c80d70eb57d91351601a4bac9aa63045...45a865ff2b35f020edff3eaa787b3a92919c2597
"{:name=>""apache/sling"", :branch=>""trunk""}",apache/sling,trunk,java,148308962,148308966,failed,ok,2016-07-29T14:17:52,9ddf68a2f3a4adbe76373a12bfaf6064dbc3388d,https://api.github.com/repos/apache/sling/git/commits/9ddf68a2f3a4adbe76373a12bfaf6064dbc3388d,https://api.travis-ci.org/jobs/148308966/log.txt,7,false,unknown,0,https://api.github.com/repos/apache/sling/compare/45a865ff2b35f020edff3eaa787b3a92919c2597...9ddf68a2f3a4adbe76373a12bfaf6064dbc3388d
"{:name=>""apache/sling"", :branch=>""trunk""}",apache/sling,trunk,java,148507987,148507988,failed,broken,2016-07-30T09:20:37,3d94b2d2095c841167395a4abefda51c3769eea0,https://api.github.com/repos/apache/sling/git/commits/3d94b2d2095c841167395a4abefda51c3769eea0,https://api.travis-ci.org/jobs/148507988/log.txt,7,false,unknown,0,https://api.github.com/repos/apache/sling/compare/9ddf68a2f3a4adbe76373a12bfaf6064dbc3388d...3d94b2d2095c841167395a4abefda51c3769eea0
"{:name=>""apache/sling"", :branch=>""trunk""}",apache/sling,trunk,java,148507987,148507990,failed,broken,2016-07-30T09:20:37,3d94b2d2095c841167395a4abefda51c3769eea0,https://api.github.com/repos/apache/sling/git/commits/3d94b2d2095c841167395a4abefda51c3769eea0,https://api.travis-ci.org/jobs/148507990/log.txt,7,false,unknown,0,https://api.github.com/repos/apache/sling/compare/3d94b2d2095c841167395a4abefda51c3769eea0...3d94b2d2095c841167395a4abefda51c3769eea0
"{:name=>""apache/sling"", :branch=>""trunk""}",apache/sling,trunk,java,148508884,148508887,failed,broken,2016-07-30T09:24:02,5d4dbde93c02e3f12d7c77a6c8ae1eae33c2b5c1,https://api.github.com/repos/apache/sling/git/commits/5d4dbde93c02e3f12d7c77a6c8ae1eae33c2b5c1,https://api.travis-ci.org/jobs/148508887/log.txt,7,false,unknown,0,https://api.github.com/repos/apache/sling/compare/3d94b2d2095c841167395a4abefda51c3769eea0...5d4dbde93c02e3f12d7c77a6c8ae1eae33c2b5c1
"{:name=>""apache/sling"", :branch=>""trunk""}",apache/sling,trunk,java,148878561,148878562,passed,ok,2016-08-01T13:32:31,d374817dfba4acad771c35ef5cad8aa9308158f4,https://api.github.com/repos/apache/sling/git/commits/d374817dfba4acad771c35ef5cad8aa9308158f4,https://api.travis-ci.org/jobs/148878562/log.txt,7,false,unknown,0,https://api.github.com/repos/apache/sling/compare/5d4dbde93c02e3f12d7c77a6c8ae1eae33c2b5c1...d374817dfba4acad771c35ef5cad8aa9308158f4
"{:name=>""google/guice"", :branch=>""master""}",google/guice,master,java,36193271,36193277,errored,ok,2014-09-24T20:49:15,a7e52fc674d6a9d9ff83a423f21b370d3aadc467,https://api.github.com/repos/google/guice/git/commits/a7e52fc674d6a9d9ff83a423f21b370d3aadc467,https://api.travis-ci.org/jobs/36193277/log.txt,6,true,merge_button,0,https://api.github.com/repos/google/guice/compare/master...a7e52fc674d6a9d9ff83a423f21b370d3aadc467
"{:name=>""google/guice"", :branch=>""master""}",google/guice,master,java,36202009,36202024,passed,ok,2014-09-24T22:06:34,8d59cf35dda54252dc7c86c2255e16278e290d75,https://api.github.com/repos/google/guice/git/commits/8d59cf35dda54252dc7c86c2255e16278e290d75,https://api.travis-ci.org/jobs/36202024/log.txt,6,true,false,unknown,0,https://api.github.com/repos/google/guice/compare/a7e52fc674d6a9d9ff83a423f21b370d3aadc467...8d59cf35dda54252dc7c86c2255e16278e290d75
"{:name=>""Netflix/Hystrix"", :branch=>""master""}",Netflix/Hystrix,master,java,44130691,44130692,failed,broken,2014-12-15T20:35:28,3a41292124f4e4953a07e4afd7db178cfc9b78cd,https://api.github.com/repos/Netflix/Hystrix/git/commits/3a41292124f4e4953a07e4afd7db178cfc9b78cd,https://api.travis-ci.org/jobs/44130692/log.txt,5,true,false,unknown,0,https://api.github.com/repos/Netflix/Hystrix/compare/master...3a41292124f4e4953a07e4afd7db178cfc9b78cd
"{:name=>""Netflix/Hystrix"", :branch=>""master""}",Netflix/Hystrix,master,java,56057691,56057692,passed,ok,2015-03-27T05:22:39,31e92dcba4bd93fc4fa4892509170583028bb206,https://api.github.com/repos/Netflix/Hystrix/git/commits/31e92dcba4bd93fc4fa4892509170583028bb206,https://api.travis-ci.org/jobs/56057692/log.txt,5,true,commits_in_master,0,1,https://api.github.com/repos/Netflix/Hystrix/compare/3a41292124f4e4953a07e4afd7db178cfc9b78cd...31e92dcba4bd93fc4fa4892509170583028bb206
"{:name=>""twitter/commons"", :branch=>""master""}",twitter/commons,master,java,4576367,4576368,errored,unknown,2013-02-04T19:34:44,10bb825b15af8bcbfa95e9fea81ba3e759d4eabe,https://api.github.com/repos/twitter/commons/git/commits/10bb825b15af8bcbfa95e9fea81ba3e759d4eabe,https://api.travis-ci.org/jobs/4576368/log.txt,14,true,false,0,https://api.github.com/repos/twitter/commons/compare/master...10bb825b15af8bcbfa95e9fea81ba3e759d4eabe
"{:name=>""twitter/commons"", :branch=>""master""}",twitter/commons,master,java,11082567,11082569,errored,ok,2013-09-07T00:53:40,06aa4f52a03bb71b89a06f12349ee0e07a69143d,https://api.github.com/repos/twitter/commons/git/commits/06aa4f52a03bb71b89a06f12349ee0e07a69143d,https://api.travis-ci.org/jobs/11082569/log.txt,18,true,false,unknown,0,https://api.github.com/repos/twitter/commons/compare/10bb825b15af8bcbfa95e9fea81ba3e759d4eabe...06aa4f52a03bb71b89a06f12349ee0e07a69143d
"{:name=>""twitter/commons"", :branch=>""master""}",twitter/commons,master,java,20468663,20468666,passed,ok,2014-03-10T17:05:13,903361bb5718a6cd7a903105112c16b9f7b5e4b8,https://api.github.com/repos/twitter/commons/git/commits/903361bb5718a6cd7a903105112c16b9f7b5e4b8,https://api.travis-ci.org/jobs/20468666/log.txt,17,true,false,unknown,0,https://api.github.com/repos/twitter/commons/compare/06aa4f52a03bb71b89a06f12349ee0e07a69143d...903361bb5718a6cd7a903105112c16b9f7b5e4b8
"{:name=>""apache/jackrabbit-oak"", :branch=>""trunk""}",apache/jackrabbit-oak,trunk,java,65256832,65256833,errored,unknown,2015-06-03T15:27:43,35cd4cb1d16451f1e45a919772095da32d554d49,https://api.github.com/repos/apache/jackrabbit-oak/git/commits/35cd4cb1d16451f1e45a919772095da32d554d49,https://api.travis-ci.org/jobs/65256833/log.txt,10,false,0,https://api.github.com/repos/apache/jackrabbit-oak/compare/trunk...35cd4cb1d16451f1e45a919772095da32d554d49
"{:name=>""apache/jackrabbit-oak"", :branch=>""trunk""}",apache/jackrabbit-oak,trunk,java,125555147,125555148,passed,ok,2016-04-25T12:48:10,317cc3f9f7cf4426d7fd6f10164fbc5257602cbf,https://api.github.com/repos/apache/jackrabbit-oak/git/commits/317cc3f9f7cf4426d7fd6f10164fbc5257602cbf,https://api.travis-ci.org/jobs/125555148/log.txt,14,true,false,unknown,0,https://api.github.com/repos/apache/jackrabbit-oak/compare/35cd4cb1d16451f1e45a919772095da32d554d49...317cc3f9f7cf4426d7fd6f10164fbc5257602cbf
"{:name=>""apache/jackrabbit-oak"", :branch=>""1.0""}",apache/jackrabbit-oak,1.0,java,65548696,65548697,errored,unknown,2015-06-05T10:54:26,27bc605a5186050dfca9a932aac348692eda264d,https://api.github.com/repos/apache/jackrabbit-oak/git/commits/27bc605a5186050dfca9a932aac348692eda264d,https://api.travis-ci.org/jobs/65548697/log.txt,10,false,0,https://api.github.com/repos/apache/jackrabbit-oak/compare/1.0...27bc605a5186050dfca9a932aac348692eda264d
"{:name=>""apache/jackrabbit-oak"", :branch=>""1.0""}",apache/jackrabbit-oak,1.0,java,36346758,36346759,failed,broken,2014-09-26T12:45:14,79c56fe4ca4039a8a8691ea06a08dacee8c78bdf,https://api.github.com/repos/apache/jackrabbit-oak/git/commits/79c56fe4ca4039a8a8691ea06a08dacee8c78bdf,https://api.travis-ci.org/jobs/36346759/log.txt,10,true,false,unknown,0,https://api.github.com/repos/apache/jackrabbit-oak/compare/27bc605a5186050dfca9a932aac348692eda264d...79c56fe4ca4039a8a8691ea06a08dacee8c78bdf
"{:name=>""apache/jackrabbit-oak"", :branch=>""1.0""}",apache/jackrabbit-oak,1.0,java,53653195,53653196,failed,broken,2015-03-10T03:44:46,e7c0d589ab75cdd74a3320b5b1316e78b9a6900a,https://api.github.com/repos/apache/jackrabbit-oak/git/commits/e7c0d589ab75cdd74a3320b5b1316e78b9a6900a,https://api.travis-ci.org/jobs/53653196/log.txt,9,false,unknown,0,https://api.github.com/repos/apache/jackrabbit-oak/compare/79c56fe4ca4039a8a8691ea06a08dacee8c78bdf...e7c0d589ab75cdd74a3320b5b1316e78b9a6900a
"{:name=>""apache/jackrabbit-oak"", :branch=>""1.0""}",apache/jackrabbit-oak,1.0,java,54574253,54574254,failed,broken,2015-03-17T13:34:20,a5d41d4d5a883487f3072a3454377a4008268ede,https://api.github.com/repos/apache/jackrabbit-oak/git/commits/a5d41d4d5a883487f3072a3454377a4008268ede,https://api.travis-ci.org/jobs/54574254/log.txt,9,true,false,unknown,0,https://api.github.com/repos/apache/jackrabbit-oak/compare/e7c0d589ab75cdd74a3320b5b1316e78b9a6900a...a5d41d4d5a883487f3072a3454377a4008268ede
"{:name=>""apache/jackrabbit-oak"", :branch=>""1.0""}",apache/jackrabbit-oak,1.0,java,54600501,54600502,failed,broken,2015-03-17T18:41:31,cd76d58f5fc7d1db97ae89e7d77f813aa503a7db,https://api.github.com/repos/apache/jackrabbit-oak/git/commits/cd76d58f5fc7d1db97ae89e7d77f813aa503a7db,https://api.travis-ci.org/jobs/54600502/log.txt,9,true,false,unknown,0,https://api.github.com/repos/apache/jackrabbit-oak/compare/a5d41d4d5a883487f3072a3454377a4008268ede...cd76d58f5fc7d1db97ae89e7d77f813aa503a7db
"{:name=>""apache/jackrabbit-oak"", :branch=>""1.0""}",apache/jackrabbit-oak,1.0,java,46062973,46062974,errored,unknown,2015-01-06T14:06:28,390e589ddd9b5481a7814a87c832a4b8af1bd778,https://api.github.com/repos/apache/jackrabbit-oak/git/commits/390e589ddd9b5481a7814a87c832a4b8af1bd778,https://api.travis-ci.org/jobs/46062974/log.txt,10,false,0,https://api.github.com/repos/apache/jackrabbit-oak/compare/cd76d58f5fc7d1db97ae89e7d77f813aa503a7db...390e589ddd9b5481a7814a87c832a4b8af1bd778
"{:name=>""apache/jackrabbit-oak"", :branch=>""1.0""}",apache/jackrabbit-oak,1.0,java,56414520,56414521,failed,broken,2015-03-30T13:50:41,d323401f6a47735b51bd42da97b10e7400f749be,https://api.github.com/repos/apache/jackrabbit-oak/git/commits/d323401f6a47735b51bd42da97b10e7400f749be,https://api.travis-ci.org/jobs/56414521/log.txt,8,false,unknown,0,https://api.github.com/repos/apache/jackrabbit-oak/compare/390e589ddd9b5481a7814a87c832a4b8af1bd778...d323401f6a47735b51bd42da97b10e7400f749be
"{:name=>""apache/jackrabbit-oak"", :branch=>""1.0""}",apache/jackrabbit-oak,1.0,java,71062787,71062788,failed,broken,2015-07-15T11:49:00,b58eb5fe130fc684f7e632e95ce8a875a4af53d4,https://api.github.com/repos/apache/jackrabbit-oak/git/commits/b58eb5fe130fc684f7e632e95ce8a875a4af53d4,https://api.travis-ci.org/jobs/71062788/log.txt,11,true,false,unknown,0,https://api.github.com/repos/apache/jackrabbit-oak/compare/d323401f6a47735b51bd42da97b10e7400f749be...b58eb5fe130fc684f7e632e95ce8a875a4af53d4
"{:name=>""apache/jackrabbit-oak"", :branch=>""1.0""}",apache/jackrabbit-oak,1.0,java,141100624,141100625,passed,ok,2016-06-29T14:49:55,f644bad033feeb23f5ded66a43d9f97d90d4343b,https://api.github.com/repos/apache/jackrabbit-oak/git/commits/f644bad033feeb23f5ded66a43d9f97d90d4343b,https://api.travis-ci.org/jobs/141100625/log.txt,15,true,false,unknown,0,https://api.github.com/repos/apache/jackrabbit-oak/compare/b58eb5fe130fc684f7e632e95ce8a875a4af53d4...f644bad033feeb23f5ded66a43d9f97d90d4343b
"{:name=>""square/wire"", :branch=>""master""}",square/wire,master,java,31296558,31296559,errored,unknown,2014-07-31T03:17:45,0dbfdf50b242a5e72d52ab4cc9bd3bd76692f54f,https://api.github.com/repos/square/wire/git/commits/0dbfdf50b242a5e72d52ab4cc9bd3bd76692f54f,https://api.travis-ci.org/jobs/31296559/log.txt,14,true,35,6,0,https://api.github.com/repos/square/wire/compare/master...0dbfdf50b242a5e72d52ab4cc9bd3bd76692f54f
"{:name=>""square/wire"", :branch=>""master""}",square/wire,master,java,76724594,76724596,errored,unknown,2015-08-22T00:56:07,635fd2af8365ebf025cf6aa78369f9a68bf560cc,https://api.github.com/repos/square/wire/git/commits/635fd2af8365ebf025cf6aa78369f9a68bf560cc,https://api.travis-ci.org/jobs/76724596/log.txt,13,true,false,0,https://api.github.com/repos/square/wire/compare/0dbfdf50b242a5e72d52ab4cc9bd3bd76692f54f...635fd2af8365ebf025cf6aa78369f9a68bf560cc
"{:name=>""square/wire"", :branch=>""master""}",square/wire,master,java,76790222,76790224,errored,unknown,2015-08-22T18:59:52,a65d6b5af6d8c049aebc98126fd72c377d50e9b3,https://api.github.com/repos/square/wire/git/commits/a65d6b5af6d8c049aebc98126fd72c377d50e9b3,https://api.travis-ci.org/jobs/76790224/log.txt,12,true,false,0,https://api.github.com/repos/square/wire/compare/635fd2af8365ebf025cf6aa78369f9a68bf560cc...a65d6b5af6d8c049aebc98126fd72c377d50e9b3
"{:name=>""square/wire"", :branch=>""master""}",square/wire,master,java,53356844,53356846,passed,ok,2015-03-06T15:47:05,eb67e17bfdc28fa6f3c9f8f06a854eaf65e530a3,https://api.github.com/repos/square/wire/git/commits/eb67e17bfdc28fa6f3c9f8f06a854eaf65e530a3,https://api.travis-ci.org/jobs/53356846/log.txt,15,true,false,unknown,0,https://api.github.com/repos/square/wire/compare/a65d6b5af6d8c049aebc98126fd72c377d50e9b3...eb67e17bfdc28fa6f3c9f8f06a854eaf65e530a3
"{:name=>""square/picasso"", :branch=>""master""}",square/picasso,master,java,105821867,105821869,errored,ok,2016-01-30T02:42:02,65eb31de19e0d3653933d17c08f533feb283e3d6,https://api.github.com/repos/square/picasso/git/commits/65eb31de19e0d3653933d17c08f533feb283e3d6,https://api.travis-ci.org/jobs/105821869/log.txt,7,true,false,unknown,0,https://api.github.com/repos/square/picasso/compare/master...65eb31de19e0d3653933d17c08f533feb283e3d6
"{:name=>""square/picasso"", :branch=>""master""}",square/picasso,master,java,38877253,38877254,passed,ok,2014-10-23T23:22:07,0fb174aa14b063ef3b924ace24239e58b25dc262,https://api.github.com/repos/square/picasso/git/commits/0fb174aa14b063ef3b924ace24239e58b25dc262,https://api.travis-ci.org/jobs/38877254/log.txt,11,true,commits_in_master,0,2,https://api.github.com/repos/square/picasso/compare/65eb31de19e0d3653933d17c08f533feb283e3d6...0fb174aa14b063ef3b924ace24239e58b25dc262
"{:name=>""apache/jackrabbit-oak"", :branch=>""1.2""}",apache/jackrabbit-oak,1.2,java,86225009,86225012,failed,broken,2015-10-19T16:48:36,cf70ed0842ef616773b0b13c0eea969387babd84,https://api.github.com/repos/apache/jackrabbit-oak/git/commits/cf70ed0842ef616773b0b13c0eea969387babd84,https://api.travis-ci.org/jobs/86225012/log.txt,13,false,unknown,0,https://api.github.com/repos/apache/jackrabbit-oak/compare/1.2...cf70ed0842ef616773b0b13c0eea969387babd84
"{:name=>""apache/jackrabbit-oak"", :branch=>""1.2""}",apache/jackrabbit-oak,1.2,java,135874903,135874904,passed,ok,2016-06-07T13:48:16,37a9e862bf2cd7d5b75d03e1ca2b276ef54c4bcb,https://api.github.com/repos/apache/jackrabbit-oak/git/commits/37a9e862bf2cd7d5b75d03e1ca2b276ef54c4bcb,https://api.travis-ci.org/jobs/135874904/log.txt,15,false,unknown,0,https://api.github.com/repos/apache/jackrabbit-oak/compare/cf70ed0842ef616773b0b13c0eea969387babd84...37a9e862bf2cd7d5b75d03e1ca2b276ef54c4bcb
"{:name=>""apache/jackrabbit-oak"", :branch=>""1.4""}",apache/jackrabbit-oak,1.4,java,154171575,154171576,failed,broken,2016-08-22T14:50:44,4d9e5171d9942da9e0b192a209b2a60d81d9e519,https://api.github.com/repos/apache/jackrabbit-oak/git/commits/4d9e5171d9942da9e0b192a209b2a60d81d9e519,https://api.travis-ci.org/jobs/154171576/log.txt,15,true,false,unknown,0,https://api.github.com/repos/apache/jackrabbit-oak/compare/1.4...4d9e5171d9942da9e0b192a209b2a60d81d9e519
"{:name=>""apache/jackrabbit-oak"", :branch=>""1.4""}",apache/jackrabbit-oak,1.4,java,155094120,155094121,failed,broken,2016-08-26T00:48:37,7323adb24acd6581f075b9f914d8beeee6bf1312,https://api.github.com/repos/apache/jackrabbit-oak/git/commits/7323adb24acd6581f075b9f914d8beeee6bf1312,https://api.travis-ci.org/jobs/155094121/log.txt,15,true,false,unknown,0,https://api.github.com/repos/apache/jackrabbit-oak/compare/4d9e5171d9942da9e0b192a209b2a60d81d9e519...7323adb24acd6581f075b9f914d8beeee6bf1312
"{:name=>""apache/jackrabbit-oak"", :branch=>""1.4""}",apache/jackrabbit-oak,1.4,java,137789095,137789096,passed,ok,2016-06-15T12:49:36,0b366cc5c141e75cb1d38ff9ba89587ac428f36d,https://api.github.com/repos/apache/jackrabbit-oak/git/commits/0b366cc5c141e75cb1d38ff9ba89587ac428f36d,https://api.travis-ci.org/jobs/137789096/log.txt,15,true,false,unknown,0,https://api.github.com/repos/apache/jackrabbit-oak/compare/7323adb24acd6581f075b9f914d8beeee6bf1312...0b366cc5c141e75cb1d38ff9ba89587ac428f36d
"{:name=>""google/guava"", :branch=>""master""}",google/guava,master,java,148395413,148395415,failed,broken,2016-07-29T19:04:39,4bfb25c13ad69f837c5171172517b9b109d6d5f6,https://api.github.com/repos/google/guava/git/commits/4bfb25c13ad69f837c5171172517b9b109d6d5f6,https://api.travis-ci.org/jobs/148395415/log.txt,9,false,unknown,0,65,https://api.github.com/repos/google/guava/compare/master...4bfb25c13ad69f837c5171172517b9b109d6d5f6
"{:name=>""google/guava"", :branch=>""master""}",google/guava,master,java,138136591,138136595,passed,ok,2016-06-16T16:43:57,dfe6f1663fff4181d3e24828324b18beabe83a1f,https://api.github.com/repos/google/guava/git/commits/dfe6f1663fff4181d3e24828324b18beabe83a1f,https://api.travis-ci.org/jobs/138136595/log.txt,1,false,unknown,0,https://api.github.com/repos/google/guava/compare/4bfb25c13ad69f837c5171172517b9b109d6d5f6...dfe6f1663fff4181d3e24828324b18beabe83a1f
"{:name=>""Netflix/Hystrix"", :branch=>""1.4.x""}",Netflix/Hystrix,1.4.x,java,82635305,82635308,failed,broken,2015-09-28T21:28:19,a3d77f42f694896c663ea4063a6aa15a8b014302,https://api.github.com/repos/Netflix/Hystrix/git/commits/a3d77f42f694896c663ea4063a6aa15a8b014302,https://api.travis-ci.org/jobs/82635308/log.txt,5,true,false,unknown,0,https://api.github.com/repos/Netflix/Hystrix/compare/1.4.x...a3d77f42f694896c663ea4063a6aa15a8b014302
"{:name=>""Netflix/Hystrix"", :branch=>""1.4.x""}",Netflix/Hystrix,1.4.x,java,112686379,112686380,passed,ok,2016-02-29T20:38:49,ced9f74b395f85cf1ec22ff0469e42ed8b703218,https://api.github.com/repos/Netflix/Hystrix/git/commits/ced9f74b395f85cf1ec22ff0469e42ed8b703218,https://api.travis-ci.org/jobs/112686380/log.txt,5,true,false,unknown,0,https://api.github.com/repos/Netflix/Hystrix/compare/a3d77f42f694896c663ea4063a6aa15a8b014302...ced9f74b395f85cf1ec22ff0469e42ed8b703218
"{:name=>""square/javapoet"", :branch=>""master""}",square/javapoet,master,java,48400810,48400814,errored,unknown,2015-01-26T21:33:20,ad6d011c3bc0d838143717733f1c9658ab9b55e7,https://api.github.com/repos/square/javapoet/git/commits/ad6d011c3bc0d838143717733f1c9658ab9b55e7,https://api.travis-ci.org/jobs/48400814/log.txt,4,true,commits_in_master,9,0,https://api.github.com/repos/square/javapoet/compare/master...ad6d011c3bc0d838143717733f1c9658ab9b55e7
"{:name=>""square/javapoet"", :branch=>""master""}",square/javapoet,master,java,65187147,65187148,passed,ok,2015-06-03T03:49:27,e5532b4ee2c1551d4e2e6777dbe6e637c27cdc3f,https://api.github.com/repos/square/javapoet/git/commits/e5532b4ee2c1551d4e2e6777dbe6e637c27cdc3f,https://api.travis-ci.org/jobs/65187148/log.txt,3,true,false,unknown,0,https://api.github.com/repos/square/javapoet/compare/ad6d011c3bc0d838143717733f1c9658ab9b55e7...e5532b4ee2c1551d4e2e6777dbe6e637c27cdc3f
"{:name=>""square/dagger"", :branch=>""master""}",square/dagger,master,java,30507794,30507797,failed,ok,2014-07-21T23:24:58,116a4037727a1397b058356a5ebbe5b687d2ae16,https://api.github.com/repos/square/dagger/git/commits/116a4037727a1397b058356a5ebbe5b687d2ae16,https://api.travis-ci.org/jobs/30507797/log.txt,8,true,false,unknown,0,https://api.github.com/repos/square/dagger/compare/master...116a4037727a1397b058356a5ebbe5b687d2ae16
"{:name=>""square/dagger"", :branch=>""master""}",square/dagger,master,java,13820236,13820237,passed,ok,2013-11-11T19:02:08,8d4126b1cc378c1818eb7b5668faac96b3a0aa79,https://api.github.com/repos/square/dagger/git/commits/8d4126b1cc378c1818eb7b5668faac96b3a0aa79,https://api.travis-ci.org/jobs/13820237/log.txt,10,true,false,unknown,0,https://api.github.com/repos/square/dagger/compare/116a4037727a1397b058356a5ebbe5b687d2ae16...8d4126b1cc378c1818eb7b5668faac96b3a0aa79
"{:name=>""square/okio"", :branch=>""master""}",square/okio,master,java,125317489,125317490,errored,unknown,2016-04-24T03:12:05,c57b44dd1ff0b20aab9d78e289c8aa64bb87f2d9,https://api.github.com/repos/square/okio/git/commits/c57b44dd1ff0b20aab9d78e289c8aa64bb87f2d9,https://api.travis-ci.org/jobs/125317490/log.txt,7,true,commits_in_master,2,1,0,https://api.github.com/repos/square/okio/compare/master...c57b44dd1ff0b20aab9d78e289c8aa64bb87f2d9
"{:name=>""square/okio"", :branch=>""master""}",square/okio,master,java,62824030,62824031,errored,unknown,2015-05-16T14:35:20,a4aee7d9594a2eae48cd274163003e0566719b91,https://api.github.com/repos/square/okio/git/commits/a4aee7d9594a2eae48cd274163003e0566719b91,https://api.travis-ci.org/jobs/62824031/log.txt,6,true,commits_in_master,5,1,0,https://api.github.com/repos/square/okio/compare/c57b44dd1ff0b20aab9d78e289c8aa64bb87f2d9...a4aee7d9594a2eae48cd274163003e0566719b91
"{:name=>""square/okio"", :branch=>""master""}",square/okio,master,java,54522168,54522169,passed,ok,2015-03-16T04:44:30,ea3e0d55a02185c1f6246b8a64cabd95510806bc,https://api.github.com/repos/square/okio/git/commits/ea3e0d55a02185c1f6246b8a64cabd95510806bc,https://api.travis-ci.org/jobs/54522169/log.txt,6,true,false,unknown,0,https://api.github.com/repos/square/okio/compare/a4aee7d9594a2eae48cd274163003e0566719b91...ea3e0d55a02185c1f6246b8a64cabd95510806bc
"{:name=>""square/wire"", :branch=>""version-two""}",square/wire,version-two,java,44655242,44655243,errored,unknown,2014-12-20T09:02:57,87e5fc2ed8029ed9f91d98696c960c49a6d3e49e,https://api.github.com/repos/square/wire/git/commits/87e5fc2ed8029ed9f91d98696c960c49a6d3e49e,https://api.travis-ci.org/jobs/44655243/log.txt,13,true,merge_button,0,https://api.github.com/repos/square/wire/compare/version-two...87e5fc2ed8029ed9f91d98696c960c49a6d3e49e
"{:name=>""square/wire"", :branch=>""version-two""}",square/wire,version-two,java,16243688,16243689,passed,ok,2014-01-02T06:02:51,cebbc1d93fa13ac377bdca35a44c68aa2ccb1018,https://api.github.com/repos/square/wire/git/commits/cebbc1d93fa13ac377bdca35a44c68aa2ccb1018,https://api.travis-ci.org/jobs/16243689/log.txt,13,true,merge_button,35,7,0,https://api.github.com/repos/square/wire/compare/87e5fc2ed8029ed9f91d98696c960c49a6d3e49e...cebbc1d93fa13ac377bdca35a44c68aa2ccb1018
"{:name=>""apache/tajo"", :branch=>""branch-0.11.3""}",apache/tajo,branch-0.11.3,java,129274588,129274591,errored,ok,2016-05-10T21:55:36,7a4d5538455697182cc616278fc6cdbb422a40b4,https://api.github.com/repos/apache/tajo/git/commits/7a4d5538455697182cc616278fc6cdbb422a40b4,https://api.travis-ci.org/jobs/129274591/log.txt,8,true,false,unknown,0,https://api.github.com/repos/apache/tajo/compare/branch-0.11.3...7a4d5538455697182cc616278fc6cdbb422a40b4
"{:name=>""apache/tajo"", :branch=>""branch-0.11.3""}",apache/tajo,branch-0.11.3,java,127983757,127983760,passed,ok,2016-05-05T06:03:42,ff9060641b975ef52a288be453d5de1278ac4f0d,https://api.github.com/repos/apache/tajo/git/commits/ff9060641b975ef52a288be453d5de1278ac4f0d,https://api.travis-ci.org/jobs/127983760/log.txt,6,false,unknown,0,https://api.github.com/repos/apache/tajo/compare/7a4d5538455697182cc616278fc6cdbb422a40b4...ff9060641b975ef52a288be453d5de1278ac4f0d
"{:name=>""twitter/commons"", :branch=>""jsirois/sync/pants-1""}",twitter/commons,jsirois/sync/pants-1,java,18951141,18951143,failed,broken,2014-02-15T21:05:19,2b05aba0a2d8b4acb27abcf289a98f574a837cf8,https://api.github.com/repos/twitter/commons/git/commits/2b05aba0a2d8b4acb27abcf289a98f574a837cf8,https://api.travis-ci.org/jobs/18951143/log.txt,15,true,false,unknown,0,https://api.github.com/repos/twitter/commons/compare/jsirois/sync/pants-1...2b05aba0a2d8b4acb27abcf289a98f574a837cf8
"{:name=>""twitter/commons"", :branch=>""jsirois/sync/pants-1""}",twitter/commons,jsirois/sync/pants-1,java,18010294,18010296,failed,broken,2014-01-31T23:03:41,b2c79f24efb55ba1948c4850e1deb65bcf8370c5,https://api.github.com/repos/twitter/commons/git/commits/b2c79f24efb55ba1948c4850e1deb65bcf8370c5,https://api.travis-ci.org/jobs/18010296/log.txt,14,true,false,unknown,0,https://api.github.com/repos/twitter/commons/compare/2b05aba0a2d8b4acb27abcf289a98f574a837cf8...b2c79f24efb55ba1948c4850e1deb65bcf8370c5
"{:name=>""twitter/commons"", :branch=>""jsirois/sync/pants-1""}",twitter/commons,jsirois/sync/pants-1,java,19261193,19261195,errored,ok,2014-02-20T14:33:59,695635081c41a2c96fcf7355dbc7c94a3eb8f1bf,https://api.github.com/repos/twitter/commons/git/commits/695635081c41a2c96fcf7355dbc7c94a3eb8f1bf,https://api.travis-ci.org/jobs/19261195/log.txt,15,true,false,unknown,0,https://api.github.com/repos/twitter/commons/compare/b2c79f24efb55ba1948c4850e1deb65bcf8370c5...695635081c41a2c96fcf7355dbc7c94a3eb8f1bf
"{:name=>""twitter/commons"", :branch=>""jsirois/sync/pants-1""}",twitter/commons,jsirois/sync/pants-1,java,18002616,18002617,failed,broken,2014-01-31T20:58:51,5f9cefed81ffd3937d979894b1096e73ea68a6be,https://api.github.com/repos/twitter/commons/git/commits/5f9cefed81ffd3937d979894b1096e73ea68a6be,https://api.travis-ci.org/jobs/18002617/log.txt,14,true,false,unknown,0,https://api.github.com/repos/twitter/commons/compare/695635081c41a2c96fcf7355dbc7c94a3eb8f1bf...5f9cefed81ffd3937d979894b1096e73ea68a6be
"{:name=>""twitter/commons"", :branch=>""jsirois/sync/pants-1""}",twitter/commons,jsirois/sync/pants-1,java,18326348,18326349,failed,broken,2014-02-06T07:26:52,f354bef7aa2b5e037e876c28e960ecb922b33580,https://api.github.com/repos/twitter/commons/git/commits/f354bef7aa2b5e037e876c28e960ecb922b33580,https://api.travis-ci.org/jobs/18326349/log.txt,14,true,false,unknown,0,https://api.github.com/repos/twitter/commons/compare/5f9cefed81ffd3937d979894b1096e73ea68a6be...f354bef7aa2b5e037e876c28e960ecb922b33580
"{:name=>""twitter/commons"", :branch=>""jsirois/sync/pants-1""}",twitter/commons,jsirois/sync/pants-1,java,18958004,18958006,failed,broken,2014-02-16T00:01:51,49469289fccc0537273354c1c5a87742105db1a4,https://api.github.com/repos/twitter/commons/git/commits/49469289fccc0537273354c1c5a87742105db1a4,https://api.travis-ci.org/jobs/18958006/log.txt,15,true,false,unknown,0,https://api.github.com/repos/twitter/commons/compare/f354bef7aa2b5e037e876c28e960ecb922b33580...49469289fccc0537273354c1c5a87742105db1a4
"{:name=>""twitter/commons"", :branch=>""jsirois/sync/pants-1""}",twitter/commons,jsirois/sync/pants-1,java,17955602,17955604,failed,broken,2014-01-31T04:24:17,610340f4ca3737862022b7d6b840ec06199c4e59,https://api.github.com/repos/twitter/commons/git/commits/610340f4ca3737862022b7d6b840ec06199c4e59,https://api.travis-ci.org/jobs/17955604/log.txt,14,true,false,unknown,0,https://api.github.com/repos/twitter/commons/compare/49469289fccc0537273354c1c5a87742105db1a4...610340f4ca3737862022b7d6b840ec06199c4e59
"{:name=>""twitter/commons"", :branch=>""jsirois/sync/pants-1""}",twitter/commons,jsirois/sync/pants-1,java,19221539,19221540,passed,ok,2014-02-19T23:01:18,72bb0cf722f49e0fc0697d715d594b6242f987f1,https://api.github.com/repos/twitter/commons/git/commits/72bb0cf722f49e0fc0697d715d594b6242f987f1,https://api.travis-ci.org/jobs/19221540/log.txt,15,true,false,unknown,0,https://api.github.com/repos/twitter/commons/compare/610340f4ca3737862022b7d6b840ec06199c4e59...72bb0cf722f49e0fc0697d715d594b6242f987f1
"{:name=>""square/keywhiz"", :branch=>""master""}",square/keywhiz,master,java,56643262,56643263,errored,unknown,2015-03-31T22:28:38,64579e64a021416a9498c351e73a035f01a6aab1,https://api.github.com/repos/square/keywhiz/git/commits/64579e64a021416a9498c351e73a035f01a6aab1,https://api.travis-ci.org/jobs/56643263/log.txt,7,true,false,0,https://api.github.com/repos/square/keywhiz/compare/master...64579e64a021416a9498c351e73a035f01a6aab1
"{:name=>""square/keywhiz"", :branch=>""master""}",square/keywhiz,master,java,80491443,80491444,passed,ok,2015-09-15T18:36:59,c1a04082fabe061688fbdba391a2fb10f55ad288,https://api.github.com/repos/square/keywhiz/git/commits/c1a04082fabe061688fbdba391a2fb10f55ad288,https://api.travis-ci.org/jobs/80491444/log.txt,7,true,false,unknown,0,https://api.github.com/repos/square/keywhiz/compare/64579e64a021416a9498c351e73a035f01a6aab1...c1a04082fabe061688fbdba391a2fb10f55ad288
"{:name=>""apache/tajo"", :branch=>""branch-0.11.2""}",apache/tajo,branch-0.11.2,java,116804474,116804477,errored,ok,2016-03-18T02:34:57,1ec59c12af5020cbcb65d13dde4de37a96d10eb1,https://api.github.com/repos/apache/tajo/git/commits/1ec59c12af5020cbcb65d13dde4de37a96d10eb1,https://api.travis-ci.org/jobs/116804477/log.txt,8,false,unknown,0,https://api.github.com/repos/apache/tajo/compare/branch-0.11.2...1ec59c12af5020cbcb65d13dde4de37a96d10eb1
"{:name=>""apache/tajo"", :branch=>""branch-0.11.2""}",apache/tajo,branch-0.11.2,java,109508964,109508974,errored,ok,2016-02-16T02:43:40,381c64c0ad0be1805db53af774c32f43df101d36,https://api.github.com/repos/apache/tajo/git/commits/381c64c0ad0be1805db53af774c32f43df101d36,https://api.travis-ci.org/jobs/109508974/log.txt,9,false,unknown,0,https://api.github.com/repos/apache/tajo/compare/1ec59c12af5020cbcb65d13dde4de37a96d10eb1...381c64c0ad0be1805db53af774c32f43df101d36
"{:name=>""apache/tajo"", :branch=>""branch-0.11.2""}",apache/tajo,branch-0.11.2,java,109508964,109508966,errored,ok,2016-02-16T02:43:40,381c64c0ad0be1805db53af774c32f43df101d36,https://api.github.com/repos/apache/tajo/git/commits/381c64c0ad0be1805db53af774c32f43df101d36,https://api.travis-ci.org/jobs/109508966/log.txt,9,false,unknown,0,https://api.github.com/repos/apache/tajo/compare/381c64c0ad0be1805db53af774c32f43df101d36...381c64c0ad0be1805db53af774c32f43df101d36
"{:name=>""apache/tajo"", :branch=>""branch-0.11.2""}",apache/tajo,branch-0.11.2,java,109511550,109511553,passed,ok,2016-02-16T03:25:38,2735c37fe93894d2314ccb0d4f82da415281d71e,https://api.github.com/repos/apache/tajo/git/commits/2735c37fe93894d2314ccb0d4f82da415281d71e,https://api.travis-ci.org/jobs/109511553/log.txt,9,false,unknown,0,https://api.github.com/repos/apache/tajo/compare/381c64c0ad0be1805db53af774c32f43df101d36...2735c37fe93894d2314ccb0d4f82da415281d71e
"{:name=>""google/physical-web"", :branch=>""master""}",google/physical-web,master,java,40009954,40009955,errored,unknown,2014-11-04T23:55:29,87b23abe66fe9d114b9004d7cf94e337ff195b28,https://api.github.com/repos/google/physical-web/git/commits/87b23abe66fe9d114b9004d7cf94e337ff195b28,https://api.travis-ci.org/jobs/40009955/log.txt,14,true,commits_in_master,0,https://api.github.com/repos/google/physical-web/compare/master...87b23abe66fe9d114b9004d7cf94e337ff195b28
"{:name=>""google/physical-web"", :branch=>""master""}",google/physical-web,master,java,40112392,40112393,passed,ok,2014-11-05T21:43:14,bd7f5528e966404cdc5db2c19462c44c324d42f9,https://api.github.com/repos/google/physical-web/git/commits/bd7f5528e966404cdc5db2c19462c44c324d42f9,https://api.travis-ci.org/jobs/40112393/log.txt,14,true,false,unknown,0,https://api.github.com/repos/google/physical-web/compare/87b23abe66fe9d114b9004d7cf94e337ff195b28...bd7f5528e966404cdc5db2c19462c44c324d42f9
"{:name=>""square/keywhiz"", :branch=>""mmc/travis-matrix""}",square/keywhiz,mmc/travis-matrix,java,124423809,124423811,failed,broken,2016-04-20T09:40:40,dd284480d43589a0bef854f9f946cf6787e56e9b,https://api.github.com/repos/square/keywhiz/git/commits/dd284480d43589a0bef854f9f946cf6787e56e9b,https://api.travis-ci.org/jobs/124423811/log.txt,8,true,false,unknown,0,https://api.github.com/repos/square/keywhiz/compare/mmc/travis-matrix...dd284480d43589a0bef854f9f946cf6787e56e9b
"{:name=>""square/keywhiz"", :branch=>""mmc/travis-matrix""}",square/keywhiz,mmc/travis-matrix,java,124419327,124419329,passed,ok,2016-04-20T09:17:58,9f4870429d3cdaae25d252e55c1099a8a8ac6ba0,https://api.github.com/repos/square/keywhiz/git/commits/9f4870429d3cdaae25d252e55c1099a8a8ac6ba0,https://api.travis-ci.org/jobs/124419329/log.txt,8,true,false,unknown,0,https://api.github.com/repos/square/keywhiz/compare/dd284480d43589a0bef854f9f946cf6787e56e9b...9f4870429d3cdaae25d252e55c1099a8a8ac6ba0
"{:name=>""apache/tajo"", :branch=>""branch-0.11.4""}",apache/tajo,branch-0.11.4,java,142792160,142792202,errored,ok,2016-07-06T15:34:14,f02f0e3933f55cf048c0faac448fec3591781143,https://api.github.com/repos/apache/tajo/git/commits/f02f0e3933f55cf048c0faac448fec3591781143,https://api.travis-ci.org/jobs/142792202/log.txt,9,true,false,unknown,0,https://api.github.com/repos/apache/tajo/compare/branch-0.11.4...f02f0e3933f55cf048c0faac448fec3591781143
"{:name=>""apache/tajo"", :branch=>""branch-0.11.4""}",apache/tajo,branch-0.11.4,java,145827261,145827268,passed,ok,2016-07-19T13:42:16,27a709c25d6cc5986f945fb5275b3228e7cd419e,https://api.github.com/repos/apache/tajo/git/commits/27a709c25d6cc5986f945fb5275b3228e7cd419e,https://api.travis-ci.org/jobs/145827268/log.txt,10,false,unknown,0,https://api.github.com/repos/apache/tajo/compare/f02f0e3933f55cf048c0faac448fec3591781143...27a709c25d6cc5986f945fb5275b3228e7cd419e
"{:name=>""google/auto"", :branch=>""moe_writing_branch_from_061401e8f8d2b201f88f2bfd7509a49b2433685c""}",google/auto,moe_writing_branch_from_061401e8f8d2b201f88f2bfd7509a49b2433685c,java,74193609,74193619,failed,broken,2015-08-05T09:05:38,a694108d0c96aef66c75a8130ce28ea76637e2c7,https://api.github.com/repos/google/auto/git/commits/a694108d0c96aef66c75a8130ce28ea76637e2c7,https://api.travis-ci.org/jobs/74193619/log.txt,9,true,false,unknown,0,https://api.github.com/repos/google/auto/compare/moe_writing_branch_from_061401e8f8d2b201f88f2bfd7509a49b2433685c...a694108d0c96aef66c75a8130ce28ea76637e2c7
"{:name=>""google/auto"", :branch=>""moe_writing_branch_from_061401e8f8d2b201f88f2bfd7509a49b2433685c""}",google/auto,moe_writing_branch_from_061401e8f8d2b201f88f2bfd7509a49b2433685c,java,74159490,74159492,failed,broken,2015-08-05T05:41:20,9c6987cf21cabdb1af63f183eeb36cd648e986d9,https://api.github.com/repos/google/auto/git/commits/9c6987cf21cabdb1af63f183eeb36cd648e986d9,https://api.travis-ci.org/jobs/74159492/log.txt,9,false,unknown,0,2,https://api.github.com/repos/google/auto/compare/a694108d0c96aef66c75a8130ce28ea76637e2c7...9c6987cf21cabdb1af63f183eeb36cd648e986d9
"{:name=>""google/auto"", :branch=>""moe_writing_branch_from_061401e8f8d2b201f88f2bfd7509a49b2433685c""}",google/auto,moe_writing_branch_from_061401e8f8d2b201f88f2bfd7509a49b2433685c,java,56916774,56916775,passed,ok,2015-04-02T17:31:42,e875aa41a20b938d3b5f5a1f767e0c01b87c9d29,https://api.github.com/repos/google/auto/git/commits/e875aa41a20b938d3b5f5a1f767e0c01b87c9d29,https://api.travis-ci.org/jobs/56916775/log.txt,6,true,false,unknown,0,https://api.github.com/repos/google/auto/compare/9c6987cf21cabdb1af63f183eeb36cd648e986d9...e875aa41a20b938d3b5f5a1f767e0c01b87c9d29
"{:name=>""Netflix/Hystrix"", :branch=>""2.0.x""}",Netflix/Hystrix,2.0.x,java,124270995,124270996,failed,broken,2016-04-19T18:43:20,18e7750a3beef45513d7a4e6bffc9eef7c4c4f9f,https://api.github.com/repos/Netflix/Hystrix/git/commits/18e7750a3beef45513d7a4e6bffc9eef7c4c4f9f,https://api.travis-ci.org/jobs/124270996/log.txt,5,true,false,unknown,0,https://api.github.com/repos/Netflix/Hystrix/compare/2.0.x...18e7750a3beef45513d7a4e6bffc9eef7c4c4f9f
"{:name=>""Netflix/Hystrix"", :branch=>""2.0.x""}",Netflix/Hystrix,2.0.x,java,121838369,121838370,passed,ok,2016-04-08T23:49:33,559341311ba47315efeee2bd9c562ca37aa7a10a,https://api.github.com/repos/Netflix/Hystrix/git/commits/559341311ba47315efeee2bd9c562ca37aa7a10a,https://api.travis-ci.org/jobs/121838370/log.txt,5,true,false,unknown,0,https://api.github.com/repos/Netflix/Hystrix/compare/18e7750a3beef45513d7a4e6bffc9eef7c4c4f9f...559341311ba47315efeee2bd9c562ca37aa7a10a
"{:name=>""apache/jackrabbit-oak"", :branch=>""jackrabbit-oak-1.1.2""}",apache/jackrabbit-oak,jackrabbit-oak-1.1.2,java,39579158,39579160,failed,ok,2014-10-31T11:53:52,abdb84c95eb2c849a355792f8d0ddffbb061b7b4,https://api.github.com/repos/apache/jackrabbit-oak/git/commits/abdb84c95eb2c849a355792f8d0ddffbb061b7b4,https://api.travis-ci.org/jobs/39579160/log.txt,9,false,unknown,0,https://api.github.com/repos/apache/jackrabbit-oak/compare/jackrabbit-oak-1.1.2...abdb84c95eb2c849a355792f8d0ddffbb061b7b4
"{:name=>""apache/jackrabbit-oak"", :branch=>""jackrabbit-oak-1.1.2""}",apache/jackrabbit-oak,jackrabbit-oak-1.1.2,java,40186573,40186577,passed,ok,2014-11-06T17:52:13,206cba5b4d3bea178c60f9181e41d87aeb741aa9,https://api.github.com/repos/apache/jackrabbit-oak/git/commits/206cba5b4d3bea178c60f9181e41d87aeb741aa9,https://api.travis-ci.org/jobs/40186577/log.txt,9,false,unknown,0,https://api.github.com/repos/apache/jackrabbit-oak/compare/abdb84c95eb2c849a355792f8d0ddffbb061b7b4...206cba5b4d3bea178c60f9181e41d87aeb741aa9
"{:name=>""google/auto"", :branch=>""moe_writing_branch_from_449e92e4a7f035483fb938a689e286da8af749d2""}",google/auto,moe_writing_branch_from_449e92e4a7f035483fb938a689e286da8af749d2,java,47843846,47843849,failed,broken,2015-01-21T21:56:37,cddbcebd42c12d8e81d50c0bef50241d217f4274,https://api.github.com/repos/google/auto/git/commits/cddbcebd42c12d8e81d50c0bef50241d217f4274,https://api.travis-ci.org/jobs/47843849/log.txt,8,true,false,unknown,0,https://api.github.com/repos/google/auto/compare/moe_writing_branch_from_449e92e4a7f035483fb938a689e286da8af749d2...cddbcebd42c12d8e81d50c0bef50241d217f4274
"{:name=>""google/auto"", :branch=>""moe_writing_branch_from_449e92e4a7f035483fb938a689e286da8af749d2""}",google/auto,moe_writing_branch_from_449e92e4a7f035483fb938a689e286da8af749d2,java,47851673,47851674,errored,unknown,2015-01-21T23:01:37,d0becb061f90001836e05b02e87bc2e23338c47a,https://api.github.com/repos/google/auto/git/commits/d0becb061f90001836e05b02e87bc2e23338c47a,https://api.travis-ci.org/jobs/47851674/log.txt,8,true,false,0,https://api.github.com/repos/google/auto/compare/cddbcebd42c12d8e81d50c0bef50241d217f4274...d0becb061f90001836e05b02e87bc2e23338c47a
"{:name=>""google/auto"", :branch=>""moe_writing_branch_from_449e92e4a7f035483fb938a689e286da8af749d2""}",google/auto,moe_writing_branch_from_449e92e4a7f035483fb938a689e286da8af749d2,java,49257774,49257775,failed,broken,2015-02-03T00:43:20,2100d167b409ce89083a76652674f7885cb854ab,https://api.github.com/repos/google/auto/git/commits/2100d167b409ce89083a76652674f7885cb854ab,https://api.travis-ci.org/jobs/49257775/log.txt,8,true,false,unknown,0,https://api.github.com/repos/google/auto/compare/d0becb061f90001836e05b02e87bc2e23338c47a...2100d167b409ce89083a76652674f7885cb854ab
"{:name=>""google/auto"", :branch=>""moe_writing_branch_from_449e92e4a7f035483fb938a689e286da8af749d2""}",google/auto,moe_writing_branch_from_449e92e4a7f035483fb938a689e286da8af749d2,java,49337258,49337259,passed,ok,2015-02-03T16:21:41,fe6f4004f984984aff4008a2cd5b99e7143339d4,https://api.github.com/repos/google/auto/git/commits/fe6f4004f984984aff4008a2cd5b99e7143339d4,https://api.travis-ci.org/jobs/49337259/log.txt,8,true,false,unknown,0,https://api.github.com/repos/google/auto/compare/2100d167b409ce89083a76652674f7885cb854ab...fe6f4004f984984aff4008a2cd5b99e7143339d4
"{:name=>""square/wire"", :branch=>""javapoet""}",square/wire,javapoet,java,69236158,69236159,errored,unknown,2015-07-02T04:18:09,3dfbda757e6f73171cfc35cb4d4d9d47495c5cda,https://api.github.com/repos/square/wire/git/commits/3dfbda757e6f73171cfc35cb4d4d9d47495c5cda,https://api.travis-ci.org/jobs/69236159/log.txt,12,true,commits_in_master,4,0,https://api.github.com/repos/square/wire/compare/javapoet...3dfbda757e6f73171cfc35cb4d4d9d47495c5cda
"{:name=>""square/wire"", :branch=>""javapoet""}",square/wire,javapoet,java,69621051,69621053,passed,ok,2015-07-05T14:48:01,cfa173840dbe6f7ebf4a53a145559a1effacf0b7,https://api.github.com/repos/square/wire/git/commits/cfa173840dbe6f7ebf4a53a145559a1effacf0b7,https://api.travis-ci.org/jobs/69621053/log.txt,12,true,false,unknown,0,https://api.github.com/repos/square/wire/compare/3dfbda757e6f73171cfc35cb4d4d9d47495c5cda...cfa173840dbe6f7ebf4a53a145559a1effacf0b7
"{:name=>""square/keywhiz"", :branch=>""justin-api-revamp""}",square/keywhiz,justin-api-revamp,java,76370729,76370730,errored,unknown,2015-08-19T22:25:12,4e93030b4141c02ccdad794f8ac6e3454554a4ca,https://api.github.com/repos/square/keywhiz/git/commits/4e93030b4141c02ccdad794f8ac6e3454554a4ca,https://api.travis-ci.org/jobs/76370730/log.txt,7,true,false,0,https://api.github.com/repos/square/keywhiz/compare/justin-api-revamp...4e93030b4141c02ccdad794f8ac6e3454554a4ca
"{:name=>""square/keywhiz"", :branch=>""justin-api-revamp""}",square/keywhiz,justin-api-revamp,java,84602327,84602328,passed,ok,2015-10-09T23:06:30,0f4891da28a2d950a5f5914a0067cd69f75cae4d,https://api.github.com/repos/square/keywhiz/git/commits/0f4891da28a2d950a5f5914a0067cd69f75cae4d,https://api.travis-ci.org/jobs/84602328/log.txt,8,true,false,unknown,0,https://api.github.com/repos/square/keywhiz/compare/4e93030b4141c02ccdad794f8ac6e3454554a4ca...0f4891da28a2d950a5f5914a0067cd69f75cae4d
"{:name=>""square/picasso"", :branch=>""dimitris/okhttp21-2""}",square/picasso,dimitris/okhttp21-2,java,41334955,41334957,errored,unknown,2014-11-18T07:57:49,aaa0dc344dd3d7cca1bf559517b9a3a54a1ffd33,https://api.github.com/repos/square/picasso/git/commits/aaa0dc344dd3d7cca1bf559517b9a3a54a1ffd33,https://api.travis-ci.org/jobs/41334957/log.txt,11,true,false,0,https://api.github.com/repos/square/picasso/compare/dimitris/okhttp21-2...aaa0dc344dd3d7cca1bf559517b9a3a54a1ffd33
"{:name=>""square/picasso"", :branch=>""dimitris/okhttp21-2""}",square/picasso,dimitris/okhttp21-2,java,41334312,41334313,passed,ok,2014-11-18T07:44:52,49196a69c2a227e0bcee7c628902d5f8dfc34a95,https://api.github.com/repos/square/picasso/git/commits/49196a69c2a227e0bcee7c628902d5f8dfc34a95,https://api.travis-ci.org/jobs/41334313/log.txt,11,true,false,unknown,0,https://api.github.com/repos/square/picasso/compare/aaa0dc344dd3d7cca1bf559517b9a3a54a1ffd33...49196a69c2a227e0bcee7c628902d5f8dfc34a95
"{:name=>""twitter/commons"", :branch=>""pantsbuild_migration""}",twitter/commons,pantsbuild_migration,java,21361096,21361098,failed,broken,2014-03-23T12:52:13,bf5ebd37a9cb5238949d9a773542c1a3ca56b011,https://api.github.com/repos/twitter/commons/git/commits/bf5ebd37a9cb5238949d9a773542c1a3ca56b011,https://api.travis-ci.org/jobs/21361098/log.txt,21,true,false,unknown,0,https://api.github.com/repos/twitter/commons/compare/pantsbuild_migration...bf5ebd37a9cb5238949d9a773542c1a3ca56b011
"{:name=>""twitter/commons"", :branch=>""pantsbuild_migration""}",twitter/commons,pantsbuild_migration,java,21056982,21056983,failed,broken,2014-03-18T22:54:05,c62d16e3b2a6c92bd18898278c95be5a5a2bc89e,https://api.github.com/repos/twitter/commons/git/commits/c62d16e3b2a6c92bd18898278c95be5a5a2bc89e,https://api.travis-ci.org/jobs/21056983/log.txt,21,true,false,unknown,0,https://api.github.com/repos/twitter/commons/compare/bf5ebd37a9cb5238949d9a773542c1a3ca56b011...c62d16e3b2a6c92bd18898278c95be5a5a2bc89e
"{:name=>""twitter/commons"", :branch=>""pantsbuild_migration""}",twitter/commons,pantsbuild_migration,java,21836688,21836689,failed,broken,2014-03-29T18:04:24,766e148e00a8313bf5d607a097d0b93eb9e74eb3,https://api.github.com/repos/twitter/commons/git/commits/766e148e00a8313bf5d607a097d0b93eb9e74eb3,https://api.travis-ci.org/jobs/21836689/log.txt,21,true,false,unknown,0,https://api.github.com/repos/twitter/commons/compare/c62d16e3b2a6c92bd18898278c95be5a5a2bc89e...766e148e00a8313bf5d607a097d0b93eb9e74eb3
"{:name=>""twitter/commons"", :branch=>""pantsbuild_migration""}",twitter/commons,pantsbuild_migration,java,21836688,21836690,failed,broken,2014-03-29T18:04:24,766e148e00a8313bf5d607a097d0b93eb9e74eb3,https://api.github.com/repos/twitter/commons/git/commits/766e148e00a8313bf5d607a097d0b93eb9e74eb3,https://api.travis-ci.org/jobs/21836690/log.txt,21,true,false,unknown,0,https://api.github.com/repos/twitter/commons/compare/766e148e00a8313bf5d607a097d0b93eb9e74eb3...766e148e00a8313bf5d607a097d0b93eb9e74eb3
"{:name=>""twitter/commons"", :branch=>""pantsbuild_migration""}",twitter/commons,pantsbuild_migration,java,21837779,21837781,passed,ok,2014-03-29T18:30:55,d888312ad6243d373f1206b259e93842b67d29ce,https://api.github.com/repos/twitter/commons/git/commits/d888312ad6243d373f1206b259e93842b67d29ce,https://api.travis-ci.org/jobs/21837781/log.txt,21,true,false,unknown,0,https://api.github.com/repos/twitter/commons/compare/766e148e00a8313bf5d607a097d0b93eb9e74eb3...d888312ad6243d373f1206b259e93842b67d29ce
"{:name=>""square/picasso"", :branch=>""dimitris/crash-on-bad-transform""}",square/picasso,dimitris/crash-on-bad-transform,java,38876194,38876195,failed,ok,2014-10-23T23:05:30,aa1f5827b117385d0ad661b397c8d2c2b2e61831,https://api.github.com/repos/square/picasso/git/commits/aa1f5827b117385d0ad661b397c8d2c2b2e61831,https://api.travis-ci.org/jobs/38876195/log.txt,11,true,false,unknown,0,https://api.github.com/repos/square/picasso/compare/dimitris/crash-on-bad-transform...aa1f5827b117385d0ad661b397c8d2c2b2e61831
"{:name=>""square/picasso"", :branch=>""dimitris/crash-on-bad-transform""}",square/picasso,dimitris/crash-on-bad-transform,java,38876194,38876196,failed,broken,2014-10-23T23:05:30,aa1f5827b117385d0ad661b397c8d2c2b2e61831,https://api.github.com/repos/square/picasso/git/commits/aa1f5827b117385d0ad661b397c8d2c2b2e61831,https://api.travis-ci.org/jobs/38876196/log.txt,11,true,false,unknown,0,https://api.github.com/repos/square/picasso/compare/aa1f5827b117385d0ad661b397c8d2c2b2e61831...aa1f5827b117385d0ad661b397c8d2c2b2e61831
"{:name=>""square/picasso"", :branch=>""dimitris/crash-on-bad-transform""}",square/picasso,dimitris/crash-on-bad-transform,java,38875470,38875472,passed,ok,2014-10-23T22:55:09,ea1bf8dde8c604ad5e9d0a91fe81323dca902709,https://api.github.com/repos/square/picasso/git/commits/ea1bf8dde8c604ad5e9d0a91fe81323dca902709,https://api.travis-ci.org/jobs/38875472/log.txt,11,true,false,unknown,0,https://api.github.com/repos/square/picasso/compare/aa1f5827b117385d0ad661b397c8d2c2b2e61831...ea1bf8dde8c604ad5e9d0a91fe81323dca902709
"{:name=>""google/auto"", :branch=>""moe_writing_branch_from_7120492f2aebecbb56ccf44fe7fbf3fc57622004""}",google/auto,moe_writing_branch_from_7120492f2aebecbb56ccf44fe7fbf3fc57622004,java,34731545,34731546,failed,broken,2014-09-08T17:36:09,d402932d749b9a1fe805564421a9e68f37f19b38,https://api.github.com/repos/google/auto/git/commits/d402932d749b9a1fe805564421a9e68f37f19b38,https://api.travis-ci.org/jobs/34731546/log.txt,6,true,false,unknown,0,https://api.github.com/repos/google/auto/compare/moe_writing_branch_from_7120492f2aebecbb56ccf44fe7fbf3fc57622004...d402932d749b9a1fe805564421a9e68f37f19b38
"{:name=>""google/auto"", :branch=>""moe_writing_branch_from_7120492f2aebecbb56ccf44fe7fbf3fc57622004""}",google/auto,moe_writing_branch_from_7120492f2aebecbb56ccf44fe7fbf3fc57622004,java,28352877,28352878,passed,ok,2014-06-24T21:07:04,7e63d058929efe3919ac4133220cd04b857ad710,https://api.github.com/repos/google/auto/git/commits/7e63d058929efe3919ac4133220cd04b857ad710,https://api.travis-ci.org/jobs/28352878/log.txt,7,true,false,unknown,0,https://api.github.com/repos/google/auto/compare/d402932d749b9a1fe805564421a9e68f37f19b38...7e63d058929efe3919ac4133220cd04b857ad710
"{:name=>""square/dagger"", :branch=>""edenman/double-singleton-all-the-way-across-the-sky""}",square/dagger,edenman/double-singleton-all-the-way-across-the-sky,java,61840378,61840379,failed,broken,2015-05-09T00:21:12,2ee52d95c1ae2d8755e37d77f6f2872977cde01b,https://api.github.com/repos/square/dagger/git/commits/2ee52d95c1ae2d8755e37d77f6f2872977cde01b,https://api.travis-ci.org/jobs/61840379/log.txt,9,true,false,unknown,0,https://api.github.com/repos/square/dagger/compare/edenman/double-singleton-all-the-way-across-the-sky...2ee52d95c1ae2d8755e37d77f6f2872977cde01b
"{:name=>""square/dagger"", :branch=>""edenman/double-singleton-all-the-way-across-the-sky""}",square/dagger,edenman/double-singleton-all-the-way-across-the-sky,java,62122491,62122492,passed,ok,2015-05-11T18:27:50,b93c26ad59af463077e496a7ca75faec1955fb93,https://api.github.com/repos/square/dagger/git/commits/b93c26ad59af463077e496a7ca75faec1955fb93,https://api.travis-ci.org/jobs/62122492/log.txt,9,true,false,unknown,0,https://api.github.com/repos/square/dagger/compare/2ee52d95c1ae2d8755e37d77f6f2872977cde01b...b93c26ad59af463077e496a7ca75faec1955fb93
"{:name=>""apache/jackrabbit-oak"", :branch=>""jackrabbit-oak-1.4.2""}",apache/jackrabbit-oak,jackrabbit-oak-1.4.2,java,125555140,125555141,failed,broken,2016-04-25T12:48:18,cca295f63bcaae6f5e3626b9f9129b166ecc4c25,https://api.github.com/repos/apache/jackrabbit-oak/git/commits/cca295f63bcaae6f5e3626b9f9129b166ecc4c25,https://api.travis-ci.org/jobs/125555141/log.txt,14,false,unknown,0,https://api.github.com/repos/apache/jackrabbit-oak/compare/jackrabbit-oak-1.4.2...cca295f63bcaae6f5e3626b9f9129b166ecc4c25
"{:name=>""apache/jackrabbit-oak"", :branch=>""jackrabbit-oak-1.4.2""}",apache/jackrabbit-oak,jackrabbit-oak-1.4.2,java,127553562,127553563,passed,ok,2016-05-03T15:48:19,fee76aeeae6e722c2c2a44dc1d333b1a2a24edf5,https://api.github.com/repos/apache/jackrabbit-oak/git/commits/fee76aeeae6e722c2c2a44dc1d333b1a2a24edf5,https://api.travis-ci.org/jobs/127553563/log.txt,15,false,unknown,0,https://api.github.com/repos/apache/jackrabbit-oak/compare/cca295f63bcaae6f5e3626b9f9129b166ecc4c25...fee76aeeae6e722c2c2a44dc1d333b1a2a24edf5
"{:name=>""apache/jackrabbit-oak"", :branch=>""pre-0.4""}",apache/jackrabbit-oak,pre-0.4,java,2032132,2032133,failed,unknown,2012-08-03T21:38:34,365e656a4b913137cde04b9472b30389d9e8866e,https://api.github.com/repos/apache/jackrabbit-oak/git/commits/365e656a4b913137cde04b9472b30389d9e8866e,https://api.travis-ci.org/jobs/2032133/log.txt,0,false,https://api.github.com/repos/apache/jackrabbit-oak/compare/pre-0.4...365e656a4b913137cde04b9472b30389d9e8866e
"{:name=>""apache/jackrabbit-oak"", :branch=>""pre-0.4""}",apache/jackrabbit-oak,pre-0.4,java,2059237,2059238,passed,unknown,2012-08-07T17:27:46,9fc849bc9c6427cb26b2e663363a2d19e55a00b1,https://api.github.com/repos/apache/jackrabbit-oak/git/commits/9fc849bc9c6427cb26b2e663363a2d19e55a00b1,https://api.travis-ci.org/jobs/2059238/log.txt,0,true,false,https://api.github.com/repos/apache/jackrabbit-oak/compare/365e656a4b913137cde04b9472b30389d9e8866e...9fc849bc9c6427cb26b2e663363a2d19e55a00b1
"{:name=>""apache/tajo"", :branch=>""branch-0.11.1""}",apache/tajo,branch-0.11.1,java,101740641,101740642,errored,unknown,2016-01-12T16:30:10,d533ea8387706209bab84c79db255e7ab3a7bd62,https://api.github.com/repos/apache/tajo/git/commits/d533ea8387706209bab84c79db255e7ab3a7bd62,https://api.travis-ci.org/jobs/101740642/log.txt,8,false,0,https://api.github.com/repos/apache/tajo/compare/branch-0.11.1...d533ea8387706209bab84c79db255e7ab3a7bd62
"{:name=>""apache/tajo"", :branch=>""branch-0.11.1""}",apache/tajo,branch-0.11.1,java,98649963,98649964,failed,broken,2015-12-24T09:20:29,e3443c6df3ba6046b0e9b33e0da0ad27dae3ebbc,https://api.github.com/repos/apache/tajo/git/commits/e3443c6df3ba6046b0e9b33e0da0ad27dae3ebbc,https://api.travis-ci.org/jobs/98649964/log.txt,8,false,unknown,0,https://api.github.com/repos/apache/tajo/compare/d533ea8387706209bab84c79db255e7ab3a7bd62...e3443c6df3ba6046b0e9b33e0da0ad27dae3ebbc
"{:name=>""apache/tajo"", :branch=>""branch-0.11.1""}",apache/tajo,branch-0.11.1,java,91748758,91748759,passed,ok,2015-11-18T04:58:39,a0fb954da92f3945b2b420c322b6344612d3924b,https://api.github.com/repos/apache/tajo/git/commits/a0fb954da92f3945b2b420c322b6344612d3924b,https://api.travis-ci.org/jobs/91748759/log.txt,7,false,unknown,0,https://api.github.com/repos/apache/tajo/compare/e3443c6df3ba6046b0e9b33e0da0ad27dae3ebbc...a0fb954da92f3945b2b420c322b6344612d3924b
"{:name=>""square/picasso"", :branch=>""jw/nully""}",square/picasso,jw/nully,java,33133948,33133949,errored,unknown,2014-08-21T02:39:40,6a53450bfb90ea794b9ee4948df9d5396dcfa99e,https://api.github.com/repos/square/picasso/git/commits/6a53450bfb90ea794b9ee4948df9d5396dcfa99e,https://api.travis-ci.org/jobs/33133949/log.txt,11,true,false,0,https://api.github.com/repos/square/picasso/compare/jw/nully...6a53450bfb90ea794b9ee4948df9d5396dcfa99e
"{:name=>""square/picasso"", :branch=>""jw/nully""}",square/picasso,jw/nully,java,49956887,49956889,passed,ok,2015-02-08T16:05:18,1f6d70b6eda6a6c37046cd950b07a9c1e9bf852d,https://api.github.com/repos/square/picasso/git/commits/1f6d70b6eda6a6c37046cd950b07a9c1e9bf852d,https://api.travis-ci.org/jobs/49956889/log.txt,10,true,false,unknown,0,https://api.github.com/repos/square/picasso/compare/6a53450bfb90ea794b9ee4948df9d5396dcfa99e...1f6d70b6eda6a6c37046cd950b07a9c1e9bf852d
"{:name=>""square/keywhiz"", :branch=>""justin/maven""}",square/keywhiz,justin/maven,java,56616955,56616956,errored,unknown,2015-03-31T19:19:29,5a7bf549901503aa1c5d76ca2a0220e0be920cf5,https://api.github.com/repos/square/keywhiz/git/commits/5a7bf549901503aa1c5d76ca2a0220e0be920cf5,https://api.travis-ci.org/jobs/56616956/log.txt,7,true,false,0,https://api.github.com/repos/square/keywhiz/compare/justin/maven...5a7bf549901503aa1c5d76ca2a0220e0be920cf5
"{:name=>""square/keywhiz"", :branch=>""justin/maven""}",square/keywhiz,justin/maven,java,56613606,56613607,errored,unknown,2015-03-31T19:06:45,c32de34e4a111218d13a120539a6df1b32a2796b,https://api.github.com/repos/square/keywhiz/git/commits/c32de34e4a111218d13a120539a6df1b32a2796b,https://api.travis-ci.org/jobs/56613607/log.txt,7,true,false,0,https://api.github.com/repos/square/keywhiz/compare/5a7bf549901503aa1c5d76ca2a0220e0be920cf5...c32de34e4a111218d13a120539a6df1b32a2796b
"{:name=>""square/keywhiz"", :branch=>""justin/maven""}",square/keywhiz,justin/maven,java,56820599,56820600,passed,ok,2015-04-02T01:37:56,31d179fcc9a24c4b3a8c5b6eed2e29051924da10,https://api.github.com/repos/square/keywhiz/git/commits/31d179fcc9a24c4b3a8c5b6eed2e29051924da10,https://api.travis-ci.org/jobs/56820600/log.txt,7,true,false,unknown,0,https://api.github.com/repos/square/keywhiz/compare/c32de34e4a111218d13a120539a6df1b32a2796b...31d179fcc9a24c4b3a8c5b6eed2e29051924da10
